{
	"title": "Safeline",
	"name": "safeline",
	"tagline": "A Web Application Firewall",
	"overview": "A Web Application Firewall",
	"category": [
		"Utilities"
	],
	"container": {
		"image": "2fauth/2fauth:latest",
		"shell": "sh",
		"privileged": false,
		"network_model": "bridge",
		"web_ui": {
			"http": "8000",
			"path": "/"
		},
		"health_check": "",
		"envs": [],
		"ports": [
			{
				"container": "8000",
				"host": "8000",
				"type": "tcp",
				"allocation": "automatic",
				"configurable": "no",
				"description": ""
			}
		],
		"volumes": [
			{
				"container": "/2fauth",
				"host": "/DATA/AppData/$AppID",
				"mode": "rw",
				"allocation": "automatic",
				"configurable": "no",
				"description": ""
			}
		],
		"devices": [],
		"constraints": {
			"min_memory": 64,
			"min_storage": 128
		},
		"restart_policy": "always",
		"sysctls": [],
		"cap_add": [],
		"labels": [],
		"host_name": "",
		"cmd": []
	},
	"abilities": {
		"notification": false,
		"widgets": false,
		"authentication": false,
		"search": false,
		"upnp": false
	},
	"tips": {
		"before_install": []
	},
	"changelog": {
		"latest_updates": "",
		"url": ""
	},
	"latest_update_date": ""
}